uid,namedLocation,date,eventID,domainID,siteID,plotID,subplotID,individualID,tempStemID,tagStatus,growthForm,plantStatus,stemDiameter,measurementHeight,changedMeasurementLocation,height,baseCrownHeight,breakHeight,breakDiameter,maxCrownDiameter,ninetyCrownDiameter,canopyPosition,shape,basalStemDiameter,basalStemDiameterMsrmntHeight,maxBaseCrownDiameter,ninetyBaseCrownDiameter,dendrometerInstallationDate,initialGapMeasurementDate,initialBandStemDiameter,initialDendrometerGap,dendrometerHeight,dendrometerGap,dendrometerCondition,bandStemDiameter,remarks,recordedBy,measuredBy,dataEntryRecordID,dataQF
"519e7f61-a377-48b3-b198-88b8a21e936e","TEAK_024.basePlot.vst","2022-09-07","vst_TEAK_2022","D17","TEAK","TEAK_024","40_100","NEON.PLA.D17.TEAK.04751","1","ok","small shrub","Live",,,"noChange",0.9,,,,0.9,0.8,"Full sun","half-sphere",1.1,10,,,,,,,,,,,,"0000-0002-3020-1597","0000-0003-1699-6511","96e4a09d-685e-4269-8fec-5839dfe12603",
"08af82fc-a809-47cf-932a-d58f81aaa33f","TEAK_024.basePlot.vst","2022-09-07","vst_TEAK_2022","D17","TEAK","TEAK_024","41_100","NEON.PLA.D17.TEAK.04765","6","ok","small shrub","Live",,,"noChange",,,,,,,,"oblate half-sphere",1.4,10,,,,,,,,,,,,"0000-0002-3020-1597","0000-0003-1699-6511","1ba4a75d-221b-4a78-b816-75fa50f6925e",
"9aa21679-f8b6-457a-98c2-1bdc0b8305e7","TEAK_024.basePlot.vst","2022-09-07","vst_TEAK_2022","D17","TEAK","TEAK_024","40_100","NEON.PLA.D17.TEAK.04755","1","ok","small shrub","Live",,,"noChange",1.0,,,,2.0,1.3,"Full sun","oblate half-sphere",1.4,10,,,,,,,,,,,,"0000-0002-3020-1597","0000-0003-1699-6511","e26498d7-debf-49f9-9173-4beb75c5fd04",
"e6952e23-3257-4ac9-8e7a-a46822bdda68","TEAK_024.basePlot.vst","2022-09-07","vst_TEAK_2022","D17","TEAK","TEAK_024","41_100","NEON.PLA.D17.TEAK.04763","2","ok","small shrub","Live",,,"noChange",,,,,,,,"oblate half-sphere",1.5,10,,,,,,,,,,,,"0000-0002-3020-1597","0000-0003-1699-6511","2b57833c-1c54-464e-afec-4e79e1374e84",
"4932d0ac-bf70-4a34-bf0f-c972930434dd","TEAK_024.basePlot.vst","2022-09-07","vst_TEAK_2022","D17","TEAK","TEAK_024","32_100","NEON.PLA.D17.TEAK.04774","1","ok","small shrub","Live, physically damaged",,,"noChange",0.5,,,,1.3,0.7,"Full sun","oblate half-sphere",2.4,10,,,,,,,,,,,"Physical; Crown damage","0000-0002-3020-1597","0000-0003-1699-6511","68908ef8-9482-417b-bfd0-8bfb44b35f98",
"bb744514-664a-4f83-a4c3-818c71a860a3","TEAK_024.basePlot.vst","2022-09-07","vst_TEAK_2022","D17","TEAK","TEAK_024","40_100","NEON.PLA.D17.TEAK.04756","1","ok","small shrub","Live",,,"noChange",0.9,,,,1.4,0.8,"Full sun","oblate half-sphere",1.9,10,,,,,,,,,,,,"0000-0002-3020-1597","0000-0003-1699-6511","3d1480e0-1dc6-468b-9cd7-2f765d61c256",
"0a67ea15-3338-4a00-813d-935028805b35","TEAK_024.basePlot.vst","2022-09-07","vst_TEAK_2022","D17","TEAK","TEAK_024","41_100","NEON.PLA.D17.TEAK.04761","6","ok","small shrub","Live",,,"noChange",,,,,,,,"oblate half-sphere",1.4,10,,,,,,,,,,,,"0000-0002-3020-1597","0000-0003-1699-6511","b61792d1-6168-438e-96f6-96b233e5e243",
"6941c241-58ca-447d-95fe-0d88d2c4fe59","TEAK_024.basePlot.vst","2022-09-07","vst_TEAK_2022","D17","TEAK","TEAK_024","41_100","NEON.PLA.D17.TEAK.04767","1","ok","small shrub","Live",,,"noChange",0.9,,,,2.0,1.4,"Full sun","oblate half-sphere",2.4,10,,,,,,,,,,,,"0000-0002-3020-1597","0000-0003-1699-6511","d7e1bc1a-7484-4ccd-b5fd-45f1acba07f7",
"d0d94beb-2a35-4280-97f0-f95b51d2ad30","TEAK_024.basePlot.vst","2022-09-07","vst_TEAK_2022","D17","TEAK","TEAK_024","32_100","NEON.PLA.D17.TEAK.04771","4","ok","small shrub","Live",,,"noChange",,,,,,,,"half-sphere",2.6,10,,,,,,,,,,,,"0000-0002-3020-1597","0000-0003-1699-6511","280c21d9-526e-4db6-9fea-56acc78e714a",
"952dca2d-2418-444d-9694-2ac7275beee4","TEAK_024.basePlot.vst","2022-09-07","vst_TEAK_2022","D17","TEAK","TEAK_024","41_100","NEON.PLA.D17.TEAK.04766","1","ok","small shrub","Live",,,"noChange",1.6,,,,1.6,1.4,"Full sun","cylinder",2.4,10,,,,,,,,,,,,"0000-0002-3020-1597","0000-0003-1699-6511","2b28a886-995d-4308-98dd-dd397da50135",
"4755695f-4d12-4df0-8d44-f78944e42410","TEAK_024.basePlot.vst","2022-09-07","vst_TEAK_2022","D17","TEAK","TEAK_024","40_100","NEON.PLA.D17.TEAK.09101","3","ok","small shrub","Live",,,"noChange",,,,,,,,"oblate half-sphere",3.4,10,,,,,,,,,,,,"0000-0002-3020-1597","0000-0003-1699-6511","ffe71a2a-f72b-49f4-852c-30b0cf071ba3",
"f9c11694-8154-433b-8894-9a08ef38e077","TEAK_024.basePlot.vst","2022-09-07","vst_TEAK_2022","D17","TEAK","TEAK_024","32_100","NEON.PLA.D17.TEAK.04770","3","ok","small shrub","Live",,,"noChange",,,,,,,,"half-sphere",2.9,10,,,,,,,,,,,,"0000-0002-3020-1597","0000-0003-1699-6511","94415c81-29f9-4b96-8986-df741af2009c",
"f329ce57-7a7e-4e92-99ca-7e9afecad4cf","TEAK_024.basePlot.vst","2022-09-07","vst_TEAK_2022","D17","TEAK","TEAK_024","32_100","NEON.PLA.D17.TEAK.04771","1","ok","small shrub","Live",,,"noChange",1.0,,,,1.6,0.9,"Full sun","half-sphere",2.7,10,,,,,,,,,,,,"0000-0002-3020-1597","0000-0003-1699-6511","61d096ea-18b4-471d-8248-511fd7f3cac6",
"29beb851-20db-4ffb-bd84-1abafea34084","TEAK_024.basePlot.vst","2022-09-07","vst_TEAK_2022","D17","TEAK","TEAK_024","32_100","NEON.PLA.D17.TEAK.09106","4","ok","small shrub","Live",,,"noChange",,,,,,,,"half-sphere",1.8,10,,,,,,,,,,,,"0000-0002-3020-1597","0000-0003-1699-6511","01b34189-da0d-41c6-977c-bbaf93559255",
"f7a758c5-bdbc-4eb2-8f31-faeb2b8ebdf2","TEAK_024.basePlot.vst","2022-09-07","vst_TEAK_2022","D17","TEAK","TEAK_024","32_100","NEON.PLA.D17.TEAK.09102","1","ok","small shrub","Live",,,"noChange",1.1,,,,1.0,1.0,"Full sun","half-sphere",2.3,10,,,,,,,,,,,,"0000-0002-3020-1597","0000-0003-1699-6511","77975070-78dc-43db-8740-fd15b65a0b57",
"5d0631ec-6f8c-4d39-bfa2-fa24a54de5c1","TEAK_024.basePlot.vst","2022-09-07","vst_TEAK_2022","D17","TEAK","TEAK_024","32_100","NEON.PLA.D17.TEAK.04769","1","ok","small shrub","Live",,,"noChange",0.8,,,,1.4,1.1,"Full sun","oblate half-sphere",4.2,10,,,,,,,,,,,,"0000-0002-3020-1597","0000-0003-1699-6511","c9232544-a2ef-47a2-874e-fc8770351f77",
"5c2898df-05bc-415d-ac7d-0b4fce57c077","TEAK_024.basePlot.vst","2022-09-07","vst_TEAK_2022","D17","TEAK","TEAK_024","41_100","NEON.PLA.D17.TEAK.04766","4","ok","small shrub","Live",,,"noChange",,,,,,,,"half-sphere",1.4,10,,,,,,,,,,,,"0000-0002-3020-1597","0000-0003-1699-6511","46c5d72a-f993-43c2-9740-2ef353f44001",
"ba7b3862-684a-49d9-b625-cf9c74a8a4e7","TEAK_024.basePlot.vst","2022-09-07","vst_TEAK_2022","D17","TEAK","TEAK_024","32_100","NEON.PLA.D17.TEAK.09108","2","ok","small shrub","Live",,,"noChange",,,,,,,,"half-sphere",8.1,10,,,,,,,,,,,,"0000-0002-3020-1597","0000-0003-1699-6511","d9f2b8a0-849d-4eb1-a665-0c4a8df909c8",
"35f551ab-3ff2-4771-a135-79ed6399a2a2","TEAK_024.basePlot.vst","2022-09-07","vst_TEAK_2022","D17","TEAK","TEAK_024","41_100","NEON.PLA.D17.TEAK.04767","3","ok","small shrub","Live",,,"noChange",,,,,,,,"oblate half-sphere",2.2,10,,,,,,,,,,,,"0000-0002-3020-1597","0000-0003-1699-6511","c77bbc3d-2fe9-464b-a8be-609f7558769e",
"0ad6c3d0-d7dd-4ddb-a9e8-5b5d68ea943a","TEAK_024.basePlot.vst","2022-09-07","vst_TEAK_2022","D17","TEAK","TEAK_024","40_100","NEON.PLA.D17.TEAK.04749","1","ok","small shrub","Live",,,"noChange",0.9,,,,0.6,0.6,"Full sun","cylinder",1.2,10,,,,,,,,,,,,"0000-0002-3020-1597","0000-0003-1699-6511","37a50e96-0fa1-4785-8699-b4ad3093a8ab",
"32c0480c-f446-4854-80f9-63b459599326","TEAK_024.basePlot.vst","2022-09-07","vst_TEAK_2022","D17","TEAK","TEAK_024","32_100","NEON.PLA.D17.TEAK.09106","5","ok","small shrub","Live",,,"noChange",,,,,,,,"half-sphere",1.8,10,,,,,,,,,,,,"0000-0002-3020-1597","0000-0003-1699-6511","1df8633a-532c-4716-9681-06044e673ee3",
"8e714194-e8c9-4ed4-96fb-42b58ed0c782","TEAK_024.basePlot.vst","2022-09-07","vst_TEAK_2022","D17","TEAK","TEAK_024","40_100","NEON.PLA.D17.TEAK.09101","2","ok","small shrub","Live",,,"noChange",,,,,,,,"oblate half-sphere",1.2,10,,,,,,,,,,,,"0000-0002-3020-1597","0000-0003-1699-6511","c4fea775-5aaa-4892-ac67-639f2624ad84",
"a34c046a-147e-4575-a12d-a50dbfbda088","TEAK_024.basePlot.vst","2022-09-07","vst_TEAK_2022","D17","TEAK","TEAK_024","32_100","NEON.PLA.D17.TEAK.04771","2","ok","small shrub","Live",,,"noChange",,,,,,,,"half-sphere",1.8,10,,,,,,,,,,,,"0000-0002-3020-1597","0000-0003-1699-6511","0e201458-f2f6-4d37-b327-78fe585b9fcc",
"53743ae6-8569-47d8-b941-a2bbe96eb36f","TEAK_024.basePlot.vst","2022-09-07","vst_TEAK_2022","D17","TEAK","TEAK_024","31_100","NEON.PLA.D17.TEAK.09118","1","ok","small shrub","Live",,,"noChange",0.8,,,,0.5,0.4,"Full sun","cylinder",1.3,10,,,,,,,,,,,,"0000-0002-3020-1597","0000-0003-1699-6511","c64d5cc3-be02-4560-9990-fe59c17fc076",
"12a84202-cb77-4a0b-b9c1-418225d46ee0","TEAK_024.basePlot.vst","2022-09-07","vst_TEAK_2022","D17","TEAK","TEAK_024","31_100","NEON.PLA.D17.TEAK.09115","1","ok","small shrub","Live",,,"noChange",0.8,,,,0.8,0.6,"Full sun","half-sphere",2.8,10,,,,,,,,,,,,"0000-0002-3020-1597","0000-0003-1699-6511","473a7b50-132a-49a4-9d1a-2b88c90112c0",
"34930456-fecb-46ae-809a-be7a3bd60be9","TEAK_024.basePlot.vst","2022-09-07","vst_TEAK_2022","D17","TEAK","TEAK_024","40_100","NEON.PLA.D17.TEAK.04754","8","ok","small shrub","Live",,,"noChange",,,,,,,,"oblate half-sphere",1.6,10,,,,,,,,,,,,"0000-0002-3020-1597","0000-0003-1699-6511","dbbec9a1-c1de-418a-8162-7ae96b8c226b",
"1c9e7efe-37d7-4f6f-8eee-832138a6b35c","TEAK_024.basePlot.vst","2022-09-07","vst_TEAK_2022","D17","TEAK","TEAK_024","41_100","NEON.PLA.D17.TEAK.04765","4","ok","small shrub","Live",,,"noChange",,,,,,,,"oblate half-sphere",1.1,10,,,,,,,,,,,,"0000-0002-3020-1597","0000-0003-1699-6511","d360a564-2a7e-4427-8e2c-f50560d44867",
"c9dc3e66-3e8a-476c-a819-20f2644df91d","TEAK_024.basePlot.vst","2022-09-07","vst_TEAK_2022","D17","TEAK","TEAK_024","40_100","NEON.PLA.D17.TEAK.04757","2","ok","small shrub","Standing dead",,,"noChange",,,,,,,,"oblate half-sphere",2.5,10,,,,,,,,,,,"Dead; Unknown cause of death","0000-0002-3020-1597","0000-0003-1699-6511","1cb790d3-5158-4f66-8427-9952dccb4b58",
"2cfc665e-efb2-49cf-896f-edd7d181c58e","TEAK_024.basePlot.vst","2022-09-07","vst_TEAK_2022","D17","TEAK","TEAK_024","40_100","NEON.PLA.D17.TEAK.04752","1","ok","small shrub","Live",,,"noChange",0.4,,,,0.9,0.7,"Full sun","oblate half-sphere",2.6,10,,,,,,,,,,,,"0000-0002-3020-1597","0000-0003-1699-6511","1fdfd0cc-77b3-485f-8cd4-d8f08b2cb62b",
"c19b876f-d25d-4571-84d9-714110515352","TEAK_024.basePlot.vst","2022-09-07","vst_TEAK_2022","D17","TEAK","TEAK_024","40_100","NEON.PLA.D17.TEAK.04756","2","ok","small shrub","Live",,,"noChange",,,,,,,,"oblate half-sphere",1.9,10,,,,,,,,,,,,"0000-0002-3020-1597","0000-0003-1699-6511","efaeeefc-b842-4a30-952e-b590016d281b",
"3d4c16a4-835d-4f52-865c-ea545d199d4f","TEAK_024.basePlot.vst","2022-09-07","vst_TEAK_2022","D17","TEAK","TEAK_024","32_100","NEON.PLA.D17.TEAK.04772","2","ok","small shrub","Live",,,"noChange",,,,,,,,"oblate half-sphere",1.6,10,,,,,,,,,,,,"0000-0002-3020-1597","0000-0003-1699-6511","40aab1aa-b063-4ce2-b024-5cb670c3cc6f",
"8a2be846-5a01-4ca1-8163-cae3989ae2d1","TEAK_024.basePlot.vst","2022-09-07","vst_TEAK_2022","D17","TEAK","TEAK_024","40_100","NEON.PLA.D17.TEAK.09101","1","ok","small shrub","Live",,,"noChange",0.6,,,,1.3,0.7,"Full sun","oblate half-sphere",1.6,10,,,,,,,,,,,,"0000-0002-3020-1597","0000-0003-1699-6511","a2b91ea9-a3ac-42a1-8c63-4096851a715a",
"7bfde3c9-447a-4c5e-b3b1-967781c212eb","TEAK_024.basePlot.vst","2022-09-07","vst_TEAK_2022","D17","TEAK","TEAK_024","40_100","NEON.PLA.D17.TEAK.04757","1","ok","small shrub","Live, physically damaged",,,"noChange",1.3,,,,1.0,0.8,"Full sun","oblate half-sphere",2.5,10,,,,,,,,,,,"Physical; Crown damage","0000-0002-3020-1597","0000-0003-1699-6511","86efde3c-9520-4b5c-8685-7ffe2ab93ce8",
"9226cd3d-7586-45d7-af17-433fd87cc40f","TEAK_024.basePlot.vst","2022-09-07","vst_TEAK_2022","D17","TEAK","TEAK_024","40_100","NEON.PLA.D17.TEAK.04753","2","ok","small shrub","Live",,,"noChange",,,,,,,,"half-sphere",1.1,10,,,,,,,,,,,,"0000-0002-3020-1597","0000-0003-1699-6511","458f99ab-097a-438a-bca9-9204cf57aedc",
"e30de222-b071-4ef5-8daa-d654b2deb0e8","TEAK_024.basePlot.vst","2022-09-07","vst_TEAK_2022","D17","TEAK","TEAK_024","40_100","NEON.PLA.D17.TEAK.04755","3","ok","small shrub","Live",,,"noChange",,,,,,,,"oblate half-sphere",1.5,10,,,,,,,,,,,,"0000-0002-3020-1597","0000-0003-1699-6511","1b879388-fe68-47eb-8f15-133632abf711",
"192428c4-d347-41ac-8a32-55cb246a3690","TEAK_024.basePlot.vst","2022-09-07","vst_TEAK_2022","D17","TEAK","TEAK_024","40_100","NEON.PLA.D17.TEAK.04755","6","ok","small shrub","Live",,,"noChange",,,,,,,,"oblate half-sphere",1.4,10,,,,,,,,,,,,"0000-0002-3020-1597","0000-0003-1699-6511","599243f1-cad6-4077-b2d5-21a9c79fc8fc",
"608812ac-3850-4254-a32a-644fe2eb0624","TEAK_024.basePlot.vst","2022-09-07","vst_TEAK_2022","D17","TEAK","TEAK_024","40_100","NEON.PLA.D17.TEAK.04755","2","ok","small shrub","Live",,,"noChange",,,,,,,,"oblate half-sphere",1.6,10,,,,,,,,,,,,"0000-0002-3020-1597","0000-0003-1699-6511","101367e1-166c-4ebe-8773-fa8e9d92d4f3",
"9a473c81-0bab-4f25-8315-41907728b575","TEAK_024.basePlot.vst","2022-09-07","vst_TEAK_2022","D17","TEAK","TEAK_024","41_100","NEON.PLA.D17.TEAK.04767","2","ok","small shrub","Live",,,"noChange",,,,,,,,"oblate half-sphere",1.2,10,,,,,,,,,,,,"0000-0002-3020-1597","0000-0003-1699-6511","6613c1fb-0b71-4281-8bdb-a0d288d7feb8",
"9e13ef24-84be-43c1-9ff8-8c758af41f63","TEAK_024.basePlot.vst","2022-09-07","vst_TEAK_2022","D17","TEAK","TEAK_024","31_100","NEON.PLA.D17.TEAK.09112","3","ok","small shrub","Live",,,"noChange",,,,,,,,"oblate half-sphere",3.0,10,,,,,,,,,,,,"0000-0002-3020-1597","0000-0003-1699-6511","4c4e027a-7d32-4749-95e9-fefde4bc4ccc",
"8b44fa48-725e-4640-8f80-426cd70f404f","TEAK_024.basePlot.vst","2022-09-07","vst_TEAK_2022","D17","TEAK","TEAK_024","40_100","NEON.PLA.D17.TEAK.04754","3","ok","small shrub","Live",,,"noChange",,,,,,,,"oblate half-sphere",1.8,10,,,,,,,,,,,,"0000-0002-3020-1597","0000-0003-1699-6511","fad13071-d211-48d7-ab6e-32a388c9cbbb",
"2dc6cfc8-4364-4f52-9b85-31611df6c353","TEAK_024.basePlot.vst","2022-09-07","vst_TEAK_2022","D17","TEAK","TEAK_024","32_100","NEON.PLA.D17.TEAK.04773","1","ok","small shrub","Live",,,"noChange",0.7,,,,1.2,0.8,"Full sun","oblate half-sphere",3.3,10,,,,,,,,,,,,"0000-0002-3020-1597","0000-0003-1699-6511","18f51778-623d-4fbb-9f36-60f16faa949e",
"f7132b23-d4b8-49ea-b773-757041231e11","TEAK_024.basePlot.vst","2022-09-07","vst_TEAK_2022","D17","TEAK","TEAK_024","41_100","NEON.PLA.D17.TEAK.04765","5","ok","small shrub","Live",,,"noChange",,,,,,,,"oblate half-sphere",2.5,10,,,,,,,,,,,,"0000-0002-3020-1597","0000-0003-1699-6511","83cff7db-3c76-4d0a-a487-b12884072a2c",
"cacbc866-7b70-40f0-b521-83c2ada9ac05","TEAK_024.basePlot.vst","2022-09-07","vst_TEAK_2022","D17","TEAK","TEAK_024","31_100","NEON.PLA.D17.TEAK.09112","2","ok","small shrub","Live",,,"noChange",,,,,,,,"oblate half-sphere",3.0,10,,,,,,,,,,,,"0000-0002-3020-1597","0000-0003-1699-6511","06699b3c-a269-4507-87c5-ba9c5c4088ae",
"7a15a8b3-4d54-453f-803d-550ba1070e29","TEAK_024.basePlot.vst","2022-09-07","vst_TEAK_2022","D17","TEAK","TEAK_024","40_100","NEON.PLA.D17.TEAK.04754","5","ok","small shrub","Live",,,"noChange",,,,,,,,"oblate half-sphere",1.3,10,,,,,,,,,,,,"0000-0002-3020-1597","0000-0003-1699-6511","847fd9b1-b8d8-4ce4-a493-c8263377cf96",
"0736eb03-709c-4509-8b87-a8ccf4ba6726","TEAK_024.basePlot.vst","2022-09-07","vst_TEAK_2022","D17","TEAK","TEAK_024","32_100","NEON.PLA.D17.TEAK.04774","2","ok","small shrub","Live, physically damaged",,,"noChange",,,,,,,,"half-sphere",6.3,10,,,,,,,,,,,"Physical; Crown damage","0000-0002-3020-1597","0000-0003-1699-6511","d608954a-0a8a-4fb4-8dcb-c81494f882c3",
"89221b9b-4b57-499c-8e63-922bfa038a8b","TEAK_024.basePlot.vst","2022-09-07","vst_TEAK_2022","D17","TEAK","TEAK_024","32_100","NEON.PLA.D17.TEAK.09102","2","ok","small shrub","Live",,,"noChange",,,,,,,,"half-sphere",1.9,10,,,,,,,,,,,,"0000-0002-3020-1597","0000-0003-1699-6511","61467447-73f2-48d7-87f5-27632df81f54",
"c72ff02c-e8cf-4a61-9f52-c8d4b601241b","TEAK_024.basePlot.vst","2022-09-07","vst_TEAK_2022","D17","TEAK","TEAK_024","40_100","NEON.PLA.D17.TEAK.04754","4","ok","small shrub","Live",,,"noChange",,,,,,,,"oblate half-sphere",1.5,10,,,,,,,,,,,,"0000-0002-3020-1597","0000-0003-1699-6511","bd123882-0932-4a7d-9244-419d8943322c",
"c88506c6-6f0d-48f1-91dd-e24054e82e6e","TEAK_024.basePlot.vst","2022-09-07","vst_TEAK_2022","D17","TEAK","TEAK_024","32_100","NEON.PLA.D17.TEAK.09106","2","ok","small shrub","Live",,,"noChange",,,,,,,,"half-sphere",1.9,10,,,,,,,,,,,,"0000-0002-3020-1597","0000-0003-1699-6511","c1a48180-e6e4-4434-8108-a263be292f10",
"e19d9063-dc4c-4f46-ab63-87d2dc9813a5","TEAK_024.basePlot.vst","2022-09-07","vst_TEAK_2022","D17","TEAK","TEAK_024","32_100","NEON.PLA.D17.TEAK.09117","1","ok","small shrub","Live, physically damaged",,,"noChange",0.7,,,,0.8,0.4,"Full sun","half-sphere",5.4,10,,,,,,,,,,,"Physical; Crown damage","0000-0002-3020-1597","0000-0003-1699-6511","5e9465c8-6925-4088-abcf-83fef373fb9e",
"f75ac387-256e-4ea0-bd7b-ed1dc86bedfa","TEAK_024.basePlot.vst","2022-09-07","vst_TEAK_2022","D17","TEAK","TEAK_024","31_100","NEON.PLA.D17.TEAK.09114","2","ok","small shrub","Live",,,"noChange",,,,,,,,"cylinder",2.4,10,,,,,,,,,,,,"0000-0002-3020-1597","0000-0003-1699-6511","6c40ee07-0e63-489b-9fa3-dc261ee8e5aa",
"86f2eda6-9563-4f94-99ad-2c8b58f60bc9","TEAK_024.basePlot.vst","2022-09-07","vst_TEAK_2022","D17","TEAK","TEAK_024","41_100","NEON.PLA.D17.TEAK.04765","1","ok","small shrub","Live",,,"noChange",0.8,,,,1.9,1.6,"Full sun","oblate half-sphere",1.8,10,,,,,,,,,,,,"0000-0002-3020-1597","0000-0003-1699-6511","a617d371-f002-404d-af37-c22913f089d5",
"8b51cc46-8033-49b8-892d-80a475e293e5","TEAK_024.basePlot.vst","2022-09-07","vst_TEAK_2022","D17","TEAK","TEAK_024","41_100","NEON.PLA.D17.TEAK.04764","1","ok","small shrub","Live, physically damaged",,,"noChange",0.9,,,,0.9,0.7,"Full sun","cylinder",1.6,10,,,,,,,,,,,"Physical; Crown damage","0000-0002-3020-1597","0000-0003-1699-6511","a695d0d7-b288-4530-8479-9ff03c448135",
"3ec2ffa3-3304-4cfa-ab46-c27950fd1492","TEAK_024.basePlot.vst","2022-09-07","vst_TEAK_2022","D17","TEAK","TEAK_024","41_100","NEON.PLA.D17.TEAK.04765","3","ok","small shrub","Live",,,"noChange",,,,,,,,"oblate half-sphere",1.5,10,,,,,,,,,,,,"0000-0002-3020-1597","0000-0003-1699-6511","d16f20d3-0499-45ad-b917-6219a20e3fc9",
"93c8062b-2c14-48d3-a0ba-3c05b65c0d10","TEAK_024.basePlot.vst","2022-09-07","vst_TEAK_2022","D17","TEAK","TEAK_024","32_100","NEON.PLA.D17.TEAK.09105","2","ok","small shrub","Live",,,"noChange",,,,,,,,"half-sphere",2.0,10,,,,,,,,,,,,"0000-0002-3020-1597","0000-0003-1699-6511","90bd056b-ba1f-4b4c-b400-b723f805ef67",
"319ff841-ea3f-4883-b455-31e737ee8c13","TEAK_024.basePlot.vst","2022-09-07","vst_TEAK_2022","D17","TEAK","TEAK_024","40_100","NEON.PLA.D17.TEAK.04754","2","ok","small shrub","Live",,,"noChange",,,,,,,,"oblate half-sphere",1.8,10,,,,,,,,,,,,"0000-0002-3020-1597","0000-0003-1699-6511","c68ea6dd-f69e-427c-a7af-74efa420c78d",
"cb177993-cb53-41d7-b48a-6f2d683a51a2","TEAK_024.basePlot.vst","2022-09-07","vst_TEAK_2022","D17","TEAK","TEAK_024","32_100","NEON.PLA.D17.TEAK.04760","2","ok","small shrub","Live",,,"noChange",,,,,,,,"oblate half-sphere",2.0,10,,,,,,,,,,,,"0000-0002-3020-1597","0000-0003-1699-6511","07f23a84-1eef-4407-893e-333ed426a271",
"68304600-6e80-4f2e-839f-793b02db40fa","TEAK_024.basePlot.vst","2022-09-07","vst_TEAK_2022","D17","TEAK","TEAK_024","40_100","NEON.PLA.D17.TEAK.04754","6","ok","small shrub","Live",,,"noChange",,,,,,,,"oblate half-sphere",2.2,10,,,,,,,,,,,,"0000-0002-3020-1597","0000-0003-1699-6511","e17e556f-85d6-4be8-aba1-f433c3d90e60",
"9c4b0cfa-8c85-4cd9-84e2-b7f3618a439c","TEAK_024.basePlot.vst","2022-09-07","vst_TEAK_2022","D17","TEAK","TEAK_024","40_100","NEON.PLA.D17.TEAK.04753","1","ok","small shrub","Live, physically damaged",,,"noChange",1.8,,,,1.0,0.6,"Full sun","half-sphere",1.2,10,,,,,,,,,,,"Physical; Crown damage","0000-0002-3020-1597","0000-0003-1699-6511","35b4ba14-6d3a-4e06-9fc3-8a05a4319de1",
"584354ce-c11f-4704-8610-e85ed79fc779","TEAK_024.basePlot.vst","2022-09-07","vst_TEAK_2022","D17","TEAK","TEAK_024","40_100","NEON.PLA.D17.TEAK.04754","1","ok","small shrub","Live",,,"noChange",1.2,,,,2.2,1.7,"Open grown","oblate half-sphere",1.9,10,,,,,,,,,,,,"0000-0002-3020-1597","0000-0003-1699-6511","76a54383-1943-4558-84b7-e580cbf2dc93",
"4daca016-b566-4485-9b47-9646a1d0a4f2","TEAK_024.basePlot.vst","2022-09-07","vst_TEAK_2022","D17","TEAK","TEAK_024","41_100","NEON.PLA.D17.TEAK.04763","1","ok","small shrub","Live",,,"noChange",0.8,,,,1.3,0.8,"Full sun","oblate half-sphere",1.8,10,,,,,,,,,,,,"0000-0002-3020-1597","0000-0003-1699-6511","8d0a22e2-be7f-4666-942d-23f573d33097",
"00cf0106-27c2-491b-873e-969fedc95b85","TEAK_024.basePlot.vst","2022-09-07","vst_TEAK_2022","D17","TEAK","TEAK_024","31_100","NEON.PLA.D17.TEAK.09111","1","ok","small shrub","Live",,,"noChange",0.6,,,,1.1,0.6,"Full sun","oblate half-sphere",1.9,10,,,,,,,,,,,,"0000-0002-3020-1597","0000-0003-1699-6511","1dcaa993-efdd-4843-a622-73f18ffd4dd1",
"1a883fc5-981b-4474-a622-4362f12a1ac2","TEAK_024.basePlot.vst","2022-09-07","vst_TEAK_2022","D17","TEAK","TEAK_024","40_100","NEON.PLA.D17.TEAK.04755","5","ok","small shrub","Live",,,"noChange",,,,,,,,"oblate half-sphere",1.1,10,,,,,,,,,,,,"0000-0002-3020-1597","0000-0003-1699-6511","7f08a45f-02dd-418f-aab6-202c1bbb0229",
"54aa570e-6f24-46a8-a632-c23626d6938b","TEAK_024.basePlot.vst","2022-09-07","vst_TEAK_2022","D17","TEAK","TEAK_024","32_100","NEON.PLA.D17.TEAK.09110","1","ok","small shrub","Live",,,"noChange",0.6,,,,0.9,0.8,"Full sun","oblate half-sphere",1.8,10,,,,,,,,,,,,"0000-0002-3020-1597","0000-0003-1699-6511","c7f39bb9-f6e2-496d-887e-e7af16b7d085",
"b426db11-2762-4244-a0b3-d1701b2a3ff0","TEAK_024.basePlot.vst","2022-09-07","vst_TEAK_2022","D17","TEAK","TEAK_024","41_100","NEON.PLA.D17.TEAK.04768","1","ok","small shrub","Live",,,"noChange",1.0,,,,1.2,1.0,"Full sun","half-sphere",1.5,10,,,,,,,,,,,,"0000-0002-3020-1597","0000-0003-1699-6511","7fcd6fb1-8cd3-413f-8e24-59e19ed4f687",
"883f7ce2-e923-4c3c-9a4b-0563cb25ec34","TEAK_024.basePlot.vst","2022-09-07","vst_TEAK_2022","D17","TEAK","TEAK_024","41_100","NEON.PLA.D17.TEAK.04765","2","ok","small shrub","Live",,,"noChange",,,,,,,,"oblate half-sphere",2.0,10,,,,,,,,,,,,"0000-0002-3020-1597","0000-0003-1699-6511","8e8ce240-7963-4f74-8812-03148888b807",
"e08861cd-5d49-4676-b517-26bac85f7cba","TEAK_024.basePlot.vst","2022-09-07","vst_TEAK_2022","D17","TEAK","TEAK_024","41_100","NEON.PLA.D17.TEAK.04761","3","ok","small shrub","Live",,,"noChange",,,,,,,,"oblate half-sphere",3.4,10,,,,,,,,,,,,"0000-0002-3020-1597","0000-0003-1699-6511","f7ba5ba3-a725-4be0-8409-368fc68f0faf",
"31c1aa96-ae31-4928-9dd9-6dfe005062f9","TEAK_024.basePlot.vst","2022-09-07","vst_TEAK_2022","D17","TEAK","TEAK_024","40_100","NEON.PLA.D17.TEAK.04758","3","ok","small shrub","Live",,,"noChange",,,,,,,,"half-sphere",2.1,10,,,,,,,,,,,,"0000-0002-3020-1597","0000-0003-1699-6511","d79070ba-f937-45ea-b190-3e0ae5350433",
"793da15a-c656-460c-99e3-08ecab776762","TEAK_024.basePlot.vst","2022-09-07","vst_TEAK_2022","D17","TEAK","TEAK_024","32_100","NEON.PLA.D17.TEAK.04772","1","ok","small shrub","Live",,,"noChange",0.7,,,,1.1,1.0,"Full sun","oblate half-sphere",2.6,10,,,,,,,,,,,,"0000-0002-3020-1597","0000-0003-1699-6511","b55126e0-beca-4161-9883-02ce8341dedf",
"1bf4f460-1923-4661-9a9f-e652f5f11a02","TEAK_024.basePlot.vst","2022-09-07","vst_TEAK_2022","D17","TEAK","TEAK_024","32_100","NEON.PLA.D17.TEAK.04769","2","ok","small shrub","Live",,,"noChange",,,,,,,,"half-sphere",4.3,10,,,,,,,,,,,,"0000-0002-3020-1597","0000-0003-1699-6511","f277a5e5-eb69-453d-981f-b617f7ff9299",
"dcf5d443-cdbf-4936-8a12-bef8650e197a","TEAK_024.basePlot.vst","2022-09-07","vst_TEAK_2022","D17","TEAK","TEAK_024","41_100","NEON.PLA.D17.TEAK.04761","2","ok","small shrub","Live",,,"noChange",,,,,,,,"oblate half-sphere",1.9,10,,,,,,,,,,,,"0000-0002-3020-1597","0000-0003-1699-6511","527341f2-c198-4069-90e5-7dd361751c6c",
"1f5f6b11-6375-4c2c-80d1-b92f76d3e02b","TEAK_024.basePlot.vst","2022-09-07","vst_TEAK_2022","D17","TEAK","TEAK_024","31_100","NEON.PLA.D17.TEAK.09112","1","ok","small shrub","Live",,,"noChange",1.1,,,,2.1,1.7,"Full sun","oblate half-sphere",4.0,10,,,,,,,,,,,,"0000-0002-3020-1597","0000-0003-1699-6511","1a351d97-5809-41c2-a38a-3064511be1d0",
"7d46640e-0853-4497-a883-a8d353a77e80","TEAK_024.basePlot.vst","2022-09-07","vst_TEAK_2022","D17","TEAK","TEAK_024","32_100","NEON.PLA.D17.TEAK.04760","3","ok","small shrub","Live",,,"noChange",,,,,,,,"oblate half-sphere",1.9,10,,,,,,,,,,,,"0000-0002-3020-1597","0000-0003-1699-6511","bc52ffcc-e7e2-43a2-a559-440f19175d0f",
"97c36144-48bb-46c9-b860-90a6e484caac","TEAK_024.basePlot.vst","2022-09-07","vst_TEAK_2022","D17","TEAK","TEAK_024","40_100","NEON.PLA.D17.TEAK.04754","7","ok","small shrub","Live",,,"noChange",,,,,,,,"oblate half-sphere",1.7,10,,,,,,,,,,,,"0000-0002-3020-1597","0000-0003-1699-6511","ffe01cc1-f5db-4a4b-9692-0c0d0b343ea0",
"4b9f5e52-26c8-4b21-bc6a-3dba0fcd18ff","TEAK_024.basePlot.vst","2022-09-07","vst_TEAK_2022","D17","TEAK","TEAK_024","32_100","NEON.PLA.D17.TEAK.04770","1","ok","small shrub","Live",,,"noChange",0.7,,,,1.2,0.9,"Full sun","half-sphere",4.8,10,,,,,,,,,,,,"0000-0002-3020-1597","0000-0003-1699-6511","5bedce54-8d70-48d1-a443-3ed44c97d3ff",
"905a0eba-0493-4d55-9a8a-784b693014e6","TEAK_024.basePlot.vst","2022-09-07","vst_TEAK_2022","D17","TEAK","TEAK_024","40_100","NEON.PLA.D17.TEAK.04750","1","ok","small shrub","Live",,,"noChange",0.9,,,,0.5,0.5,"Full sun","cylinder",1.4,10,,,,,,,,,,,,"0000-0002-3020-1597","0000-0003-1699-6511","391477dc-6a63-4ca1-b2b9-562114351005",
"e668d5cb-6777-4259-ba34-25c9a0a6390a","TEAK_024.basePlot.vst","2022-09-07","vst_TEAK_2022","D17","TEAK","TEAK_024","41_100","NEON.PLA.D17.TEAK.04761","7","ok","small shrub","Live",,,"noChange",,,,,,,,"oblate half-sphere",1.7,10,,,,,,,,,,,,"0000-0002-3020-1597","0000-0003-1699-6511","7914140a-1197-455d-9b13-7fbcd7832183",
"63583dd6-fac1-4249-bf42-5a35420c99ed","TEAK_024.basePlot.vst","2022-09-07","vst_TEAK_2022","D17","TEAK","TEAK_024","32_100","NEON.PLA.D17.TEAK.09106","1","ok","small shrub","Live",,,"noChange",1.2,,,,1.4,1.1,"Full sun","half-sphere",2.0,10,,,,,,,,,,,,"0000-0002-3020-1597","0000-0003-1699-6511","8fc25cbe-3ba1-43a3-a792-6798f2a26273",
"7308034c-8487-4f11-9dc3-fc8a141e0184","TEAK_024.basePlot.vst","2022-09-07","vst_TEAK_2022","D17","TEAK","TEAK_024","32_100","NEON.PLA.D17.TEAK.04760","1","ok","small shrub","Live",,,"noChange",0.6,,,,1.0,0.4,"Full sun","oblate half-sphere",2.5,10,,,,,,,,,,,,"0000-0002-3020-1597","0000-0003-1699-6511","48609a0b-2149-4924-83a2-e3cb8d2c781d",
"d0714acc-d596-4a61-8ccb-2427868f8c3b","TEAK_024.basePlot.vst","2022-09-07","vst_TEAK_2022","D17","TEAK","TEAK_024","31_100","NEON.PLA.D17.TEAK.09118","2","ok","small shrub","Live, physically damaged",,,"noChange",,,,,,,,"cylinder",1.6,10,,,,,,,,,,,"Disease; Unknown","0000-0002-3020-1597","0000-0003-1699-6511","33dead56-e51e-452e-809a-5988586599c0",
"30faa951-074f-4268-91d1-72d02c59441c","TEAK_024.basePlot.vst","2022-09-07","vst_TEAK_2022","D17","TEAK","TEAK_024","31_100","NEON.PLA.D17.TEAK.09114","1","ok","small shrub","Live",,,"noChange",0.7,,,,0.5,0.3,"Full sun","cylinder",1.2,10,,,,,,,,,,,,"0000-0002-3020-1597","0000-0003-1699-6511","e2412b45-0dfa-438d-932c-f93ec9e79b27",
"098f0162-3a58-4a45-a872-4a58d7fb4ffe","TEAK_024.basePlot.vst","2022-09-07","vst_TEAK_2022","D17","TEAK","TEAK_024","32_100","NEON.PLA.D17.TEAK.04770","2","ok","small shrub","Live",,,"noChange",,,,,,,,"half-sphere",1.9,10,,,,,,,,,,,,"0000-0002-3020-1597","0000-0003-1699-6511","4606ba55-b80c-4c26-8f8e-fafffb2cf2d8",
"c309ab2b-757e-4caf-835b-bd0b5289b000","TEAK_024.basePlot.vst","2022-09-07","vst_TEAK_2022","D17","TEAK","TEAK_024","31_100","NEON.PLA.D17.TEAK.09113","1","ok","small shrub","Live, physically damaged",,,"noChange",0.8,,,,0.9,0.8,"Full sun","half-sphere",3.5,10,,,,,,,,,,,"Disease; Unknown","0000-0002-3020-1597","0000-0003-1699-6511","338673cb-b433-4fe7-ad85-1dff97d6d8f4",
"ddc8995b-687c-4285-8fc7-70438b85029c","TEAK_024.basePlot.vst","2022-09-07","vst_TEAK_2022","D17","TEAK","TEAK_024","41_100","NEON.PLA.D17.TEAK.04767","5","ok","small shrub","Live",,,"noChange",,,,,,,,"oblate half-sphere",1.4,10,,,,,,,,,,,,"0000-0002-3020-1597","0000-0003-1699-6511","8da96a9c-dba8-4129-81b5-840f1a57b96c",
"972c63b2-8b70-4179-b926-c62afaa22a74","TEAK_024.basePlot.vst","2022-09-07","vst_TEAK_2022","D17","TEAK","TEAK_024","41_100","NEON.PLA.D17.TEAK.04761","5","ok","small shrub","Live",,,"noChange",,,,,,,,"oblate half-sphere",3.0,10,,,,,,,,,,,,"0000-0002-3020-1597","0000-0003-1699-6511","c226ea38-b42a-4248-a830-1d6b6d0158b2",
"96723750-6a50-40d3-9df6-b7a4cf125999","TEAK_024.basePlot.vst","2022-09-07","vst_TEAK_2022","D17","TEAK","TEAK_024","40_100","NEON.PLA.D17.TEAK.04758","2","ok","small shrub","Live",,,"noChange",,,,,,,,"half-sphere",2.2,10,,,,,,,,,,,,"0000-0002-3020-1597","0000-0003-1699-6511","19e2bbb4-e39e-4a87-baa8-4da803d73a60",
"53946c9b-fd22-4704-b1e8-2b0d6c6b0203","TEAK_024.basePlot.vst","2022-09-07","vst_TEAK_2022","D17","TEAK","TEAK_024","32_100","NEON.PLA.D17.TEAK.09105","1","ok","small shrub","Live",,,"noChange",0.8,,,,0.8,0.5,"Full sun","half-sphere",2.3,10,,,,,,,,,,,,"0000-0002-3020-1597","0000-0003-1699-6511","cd581350-0d38-4a78-b0d6-e96bc565f407",
"887038be-39de-423c-ba64-0cd938fe58a3","TEAK_024.basePlot.vst","2022-09-07","vst_TEAK_2022","D17","TEAK","TEAK_024","41_100","NEON.PLA.D17.TEAK.04761","1","ok","small shrub","Live",,,"noChange",1.6,,,,2.1,2.0,"Full sun","oblate half-sphere",2.1,10,,,,,,,,,,,,"0000-0002-3020-1597","0000-0003-1699-6511","10b2bfe3-5f9e-485e-9c02-016af621f64d",
"0fa3dfcc-ab0a-4c49-bd6a-7a238dda0228","TEAK_024.basePlot.vst","2022-09-07","vst_TEAK_2022","D17","TEAK","TEAK_024","41_100","NEON.PLA.D17.TEAK.04766","3","ok","small shrub","Live",,,"noChange",,,,,,,,"half-sphere",1.5,10,,,,,,,,,,,,"0000-0002-3020-1597","0000-0003-1699-6511","f30d730e-8aef-4c43-b1c2-60076d8029df",
"c10b6305-b954-4f13-9fcf-388b9394b721","TEAK_024.basePlot.vst","2022-09-07","vst_TEAK_2022","D17","TEAK","TEAK_024","32_100","NEON.PLA.D17.TEAK.04771","3","ok","small shrub","Live",,,"noChange",,,,,,,,"half-sphere",1.6,10,,,,,,,,,,,,"0000-0002-3020-1597","0000-0003-1699-6511","c6f8d319-6101-4faa-a2aa-185265835870",
"1777f8a4-c76c-42e5-ac3d-ac9e8f735ab3","TEAK_024.basePlot.vst","2022-09-07","vst_TEAK_2022","D17","TEAK","TEAK_024","41_100","NEON.PLA.D17.TEAK.04762","1","ok","small shrub","Live",,,"noChange",0.7,,,,1.1,0.6,"Full sun","oblate half-sphere",2.7,10,,,,,,,,,,,,"0000-0002-3020-1597","0000-0003-1699-6511","d25d1fef-cf3d-413d-9f57-661ba3c6601f",
"ae92e3d9-896e-4638-a597-d2eddff2ac87","TEAK_024.basePlot.vst","2022-09-07","vst_TEAK_2022","D17","TEAK","TEAK_024","40_100","NEON.PLA.D17.TEAK.04758","1","ok","small shrub","Live",,,"noChange",0.9,,,,1.2,0.9,"Full sun","half-sphere",1.6,10,,,,,,,,,,,,"0000-0002-3020-1597","0000-0003-1699-6511","c1a96ff4-40a5-4c5e-9da9-b56ea2ea9ec2",
"c3969eac-f69e-4069-b7f6-9478a390d46e","TEAK_024.basePlot.vst","2022-09-07","vst_TEAK_2022","D17","TEAK","TEAK_024","32_100","NEON.PLA.D17.TEAK.09108","1","ok","small shrub","Live, physically damaged",,,"noChange",1.0,,,,1.4,1.2,"Full sun","half-sphere",18.5,10,,,,,,,,,,,"Physical; Crushed","0000-0002-3020-1597","0000-0003-1699-6511","f099d03c-771d-41de-8ed7-ba5601d02001",
"87857286-eb7a-44d7-acb7-fd794f7ee796","TEAK_024.basePlot.vst","2022-09-07","vst_TEAK_2022","D17","TEAK","TEAK_024","40_100","NEON.PLA.D17.TEAK.04755","7","ok","small shrub","Live",,,"noChange",,,,,,,,"oblate half-sphere",1.4,10,,,,,,,,,,,,"0000-0002-3020-1597","0000-0003-1699-6511","2d67a685-179a-4004-aa28-45d4d4e1ed6a",
"e76dd4e0-c81b-4dde-8115-8bd5406e5600","TEAK_024.basePlot.vst","2022-09-07","vst_TEAK_2022","D17","TEAK","TEAK_024","32_100","NEON.PLA.D17.TEAK.09106","3","ok","small shrub","Live",,,"noChange",,,,,,,,"half-sphere",1.4,10,,,,,,,,,,,,"0000-0002-3020-1597","0000-0003-1699-6511","5a1715c9-efcf-43d4-b08a-9a4423c4c6b9",
"f12efe0b-5c6d-4877-a6c4-60c91eb6be46","TEAK_024.basePlot.vst","2022-09-07","vst_TEAK_2022","D17","TEAK","TEAK_024","32_100","NEON.PLA.D17.TEAK.09116","1","ok","small shrub","Live",,,"noChange",0.5,,,,0.8,0.5,"Full sun","half-sphere",6.7,10,,,,,,,,,,,,"0000-0002-3020-1597","0000-0003-1699-6511","d7ba1b60-f79a-48ec-a929-20dcea5e39b1",
"450edbb7-ef42-4119-b095-0261ba1a4383","TEAK_024.basePlot.vst","2022-09-07","vst_TEAK_2022","D17","TEAK","TEAK_024","31_100","NEON.PLA.D17.TEAK.09112","4","ok","small shrub","Live",,,"noChange",,,,,,,,"oblate half-sphere",2.0,10,,,,,,,,,,,,"0000-0002-3020-1597","0000-0003-1699-6511","2949db8c-99c7-4365-865e-1c301c4c9329",
"2ba7762f-5e34-4724-b1a0-76d57896f00e","TEAK_024.basePlot.vst","2022-09-07","vst_TEAK_2022","D17","TEAK","TEAK_024","32_100","NEON.PLA.D17.TEAK.09109","1","ok","small shrub","Live",,,"noChange",1.1,,,,0.8,0.5,"Full sun","cylinder",2.3,10,,,,,,,,,,,,"0000-0002-3020-1597","0000-0003-1699-6511","c14dab56-057c-4f0c-9c43-9b936ec523f9",
"5bf8ae3d-40df-499e-a703-bfe941cad350","TEAK_024.basePlot.vst","2022-09-07","vst_TEAK_2022","D17","TEAK","TEAK_024","41_100","NEON.PLA.D17.TEAK.04766","2","ok","small shrub","Live",,,"noChange",,,,,,,,"half-sphere",1.9,10,,,,,,,,,,,,"0000-0002-3020-1597","0000-0003-1699-6511","c4f85632-715d-4da5-9164-74048f10351b",
"5e6b242e-20cf-4652-9b5e-6febb22d25d4","TEAK_024.basePlot.vst","2022-09-07","vst_TEAK_2022","D17","TEAK","TEAK_024","40_100","NEON.PLA.D17.TEAK.04751","2","ok","small shrub","Live",,,"noChange",,,,,,,,"half-sphere",1.1,10,,,,,,,,,,,,"0000-0002-3020-1597","0000-0003-1699-6511","5d3fbaf5-3d8e-4b61-9588-2e2e02f7c844",
"f70023be-b67a-4ed4-b8a3-45f393a5afb3","TEAK_024.basePlot.vst","2022-09-07","vst_TEAK_2022","D17","TEAK","TEAK_024","32_100","NEON.PLA.D17.TEAK.09110","2","ok","small shrub","Live",,,"noChange",,,,,,,,"oblate half-sphere",1.3,10,,,,,,,,,,,,"0000-0002-3020-1597","0000-0003-1699-6511","4b727dce-fe94-400e-bf27-3ad1081a66a9",
"4d869035-4f53-41fa-ac46-297b3865e9fe","TEAK_024.basePlot.vst","2022-09-07","vst_TEAK_2022","D17","TEAK","TEAK_024","41_100","NEON.PLA.D17.TEAK.04761","4","ok","small shrub","Live",,,"noChange",,,,,,,,"oblate half-sphere",1.8,10,,,,,,,,,,,,"0000-0002-3020-1597","0000-0003-1699-6511","8101b7e7-ca4d-4bc5-a901-773f586ac9ee",
"11ce47c1-b240-4c31-b907-3c3386af460f","TEAK_024.basePlot.vst","2022-09-07","vst_TEAK_2022","D17","TEAK","TEAK_024","41_100","NEON.PLA.D17.TEAK.04767","4","ok","small shrub","Live",,,"noChange",,,,,,,,"oblate half-sphere",1.2,10,,,,,,,,,,,,"0000-0002-3020-1597","0000-0003-1699-6511","23f65739-ad8f-4d21-82b5-3f2f8010d8d0",
"a40c12ba-bd41-4309-a054-aaee9b5f3bd2","TEAK_024.basePlot.vst","2022-09-07","vst_TEAK_2022","D17","TEAK","TEAK_024","40_100","NEON.PLA.D17.TEAK.04755","4","ok","small shrub","Live",,,"noChange",,,,,,,,"oblate half-sphere",1.1,10,,,,,,,,,,,,"0000-0002-3020-1597","0000-0003-1699-6511","c87e74b2-4695-4da2-a69f-14fe3b5ef6e4",
"f749278f-8adc-4ca6-8585-cc602708dfff","TEAK_018.basePlot.vst","2022-09-08","vst_TEAK_2022","D17","TEAK","TEAK_018","41_100","NEON.PLA.D17.TEAK.09104","1","ok","small tree","Live",4.0,130,"noChange",2.0,,,,1.2,1.2,"Partially shaded",,,,,,,,,,,,,,,"0000-0002-3020-1597","0000-0003-1699-6511","68c1324d-8ab9-46d7-a2ab-007a59e6ac4d",
"4bf7d9f5-a443-4123-b67b-b8cfc9049fe9","TEAK_018.basePlot.vst","2022-09-08","vst_TEAK_2022","D17","TEAK","TEAK_018","32_100","NEON.PLA.D17.TEAK.04778","1","ok","single bole tree","Live",25.5,130,"noChange",8.7,,,,4.2,3.8,"Partially shaded",,,,,,,,,,,,,,,"0000-0002-3020-1597","0000-0003-1699-6511","ca573f19-3bca-4d58-a765-9c8b15c95bd6",
"b724ccc8-b997-4c77-abc2-153f3d6b873b","TEAK_018.basePlot.vst","2022-09-08","vst_TEAK_2022","D17","TEAK","TEAK_018","32_100","NEON.PLA.D17.TEAK.04777","1","ok","single bole tree","Live",22.4,130,"noChange",10.3,,,,1.4,1.3,"Partially shaded",,,,,,,,,,,,,,,"0000-0002-3020-1597","0000-0003-1699-6511","76bf3cb4-465a-4aee-ac74-e4e3f66e5f30",
"43e0460a-2c9d-4712-a8cf-3147bc17846e","TEAK_018.basePlot.vst","2022-09-08","vst_TEAK_2022","D17","TEAK","TEAK_018","31_100","NEON.PLA.D17.TEAK.04775","1","ok","single bole tree","Live",51.2,130,"noChange",20.1,,,,6.8,6.2,"Partially shaded",,,,,,,,,,,,,,,"0000-0002-3020-1597","0000-0003-1699-6511","92a2ae8c-c40f-4826-a540-26191d9abb84",
"cb80fe95-8047-4595-a116-508b7385e73e","TEAK_018.basePlot.vst","2022-09-08","vst_TEAK_2022","D17","TEAK","TEAK_018","41_100","NEON.PLA.D17.TEAK.08906","1","ok","sapling","Standing dead",,,"noChange",1.0,,,,,,"Partially shaded",,3.8,10,,,,,,,,,,,"Dead; Unknown cause of death","0000-0002-3020-1597","0000-0003-1699-6511","c3013893-a19a-4899-aaf3-638a00d02b9f",
"c880c7d3-0ed4-4d26-8827-edc260644c27","TEAK_018.basePlot.vst","2022-09-08","vst_TEAK_2022","D17","TEAK","TEAK_018","40_100","NEON.PLA.D17.TEAK.04776","1","ok","single bole tree","Live",170.9,130,"noChange",40.0,,,,11.9,10.9,"Full sun",,,,,,,,,,,,,,,"0000-0002-3020-1597","0000-0003-1699-6511","49c18ee2-922a-4b2e-9e96-37bc35c2b394",
"91f8b5c8-9574-45af-b0e0-1fe7ef6f5e11","TEAK_018.basePlot.vst","2022-09-08","vst_TEAK_2022","D17","TEAK","TEAK_018","41_100","NEON.PLA.D17.TEAK.08912","1","ok","small tree","Live",7.5,130,"noChange",3.2,,,,1.5,1.4,"Partially shaded",,,,,,,,,,,,,,,"0000-0002-3020-1597","0000-0003-1699-6511","3a114edf-af93-4118-82fb-b2450ec61591",
"8c23b4b2-dfee-4e30-b59e-7f9289e723ff","TEAK_018.basePlot.vst","2022-09-08","vst_TEAK_2022","D17","TEAK","TEAK_018","41_100","NEON.PLA.D17.TEAK.08911","1","ok","small shrub","Live",,,"noChange",0.5,,,,1.3,1.1,"Partially shaded","oblate half-sphere",1.8,10,,,,,,,,,,,,"0000-0002-3020-1597","0000-0003-1699-6511","d7e193ff-ab2a-4c4d-bd2f-339914e675c3",
